{"cameraMode":{"drawMode":0,"name":"Shaded","section":"Shading Mode"},"sceneLighting":true,"audioPlay":false,"sceneViewState":{"showFog":true,"showMaterialUpdate":false,"showSkybox":true,"showFlares":true,"showImageEffects":true,"showParticleSystems":true},"in2DMode":false,"pivot":{"x":285.8673400878906,"y":190.02627563476563,"z":-7.314667701721191},"rotation":{"x":0.09137069433927536,"y":0.008068648166954518,"z":-0.0007401587208732963,"w":0.9957840442657471},"size":399.1659851074219,"orthographic":true}