{"cameraMode":{"drawMode":0,"name":"Shaded","section":"Shading Mode"},"sceneLighting":true,"audioPlay":false,"sceneViewState":{"showFog":true,"showMaterialUpdate":false,"showSkybox":true,"showFlares":true,"showImageEffects":true,"showParticleSystems":true},"in2DMode":false,"pivot":{"x":212.1912841796875,"y":4.684209823608398,"z":-1.01953125},"rotation":{"x":-0.004232535604387522,"y":0.7087876200675964,"z":-0.004252681042999029,"w":-0.7053964138031006},"size":14.536272048950196,"orthographic":true}